feature,reference_mean,current_mean,change_pct,drift_flag
Quantity,13.414796398788758,12.941956543915127,-3.5247635582178765,False
UnitPrice,3.3184010716922847,3.0099723472406406,-9.294498096770285,False
TotalPrice,23.088989554048656,22.35593807201877,-3.1748963301919177,False
